{
    "rmse": 0.6965784024619855,
    "mae": 0.5374087853219472,
    "r2": 0.1754157117371168
}